<?xml version='1.0' encoding='utf-8'?>
<!--
  ~ Hibernate, Relational Persistence for Idiomatic Java
  ~
  ~ License: GNU Lesser General Public License (LGPL), version 2.1 or later.
  ~ See the lgpl.txt file in the root directory or <http://www.gnu.org/licenses/lgpl-2.1.html>.
  -->
<!DOCTYPE hibernate-configuration PUBLIC
        "-//Hibernate/Hibernate Configuration DTD 3.0//EN"
        "http://www.hibernate.org/dtd/hibernate-configuration-3.0.dtd">

<hibernate-configuration>

    <session-factory>
        <!--Termine de completar la configuración con la base de datos-->
        <property name="connection.driver_class">com.mysql.jdbc.Driver</property>
        <property name="connection.url">jdbc:mysql://localhost:****/****</property>
        <property name="connection.username">****</property>
        <property name="connection.password">****</property>

        <property name="dialect">org.hibernate.dialect.MySQL8Dialect</property>

        <property name="connection.pool_size">10</property>
        <property name="hibernate.current_session_context_class">thread</property>
        <property name="show_sql">false</property>

        <property name="hibernate.hbm2ddl.auto">update</property>

        <mapping class="ormRPGgame.model.Mago"/>
        <mapping class="ormRPGgame.model.Daga"/>
        <!--Añada tantas clases como entidades tenga en su modelo-->
        <!--Las clases deben crearse en el paquete "model"-->
    </session-factory>

</hibernate-configuration>